"rainfall","windspeed","temperature","year"
1.23998363635102,1.31396358902487,272.012191403873,1940
2.90204720005763,1.6510401686496,275.00458990047,1940.08333333
2.41259301199738,2.86395331963839,277.397196653308,1940.16666666
3.4935535771264,1.25008563399652,280.323992927932,1940.24999999
1.24939621689064,1.37837198349587,284.00990062825,1940.33333332
1.38860332908186,2.02448216196062,287.89074064529,1940.41666665
4.80289307008514,1.90831681372524,286.608685793005,1940.49999998
0.385420403148658,4.44286062420642,287.509310583243,1940.58333331
1.41139168196726,4.28978209674433,284.352906531712,1940.66666664
2.26991810697577,1.18973126067104,281.12434003601,1940.74999997
2.38237367447544,3.04884278606202,278.175051570996,1940.8333333
1.93403760140406,2.48141851212706,275.50222961287,1940.91666663
1.96078914609561,1.75855999012704,271.754468388977,1940.99999996
3.68130978894303,1.08083704934707,273.555717969453,1941.08333329
2.40318043145776,0.397616802716346,276.029858912458,1941.16666662
1.87310352738441,0.912237832952226,278.062590619041,1941.24999995
1.7125942592351,0.438944869053975,281.263979051354,1941.33333328
0.289808400825146,1.47172570196734,287.031351537435,1941.41666661
2.27338589980616,2.56225389992463,289.147491783384,1941.49999994
1.64621079648199,3.34011145931286,286.529025952037,1941.58333327
0.972963588411264,1.30224569005647,286.678036713377,1941.6666666
1.4074284901611,1.99590301217709,281.980917620065,1941.74999993
3.41775753383367,1.54993810458953,278.284700999151,1941.83333326
0.644514067476096,4.6514572455746,278.347491697326,1941.91666659
2.52158078666667,1.78414630504028,273.002784955675,1941.99999992
1.58874451529273,0.859940276663355,272.24367352998,1942.08333325
1.52781044127309,1.76921514291059,275.907089039907,1942.16666658
1.82356362980747,1.3114072050458,279.807609723539,1942.24999991
2.31945800455272,1.28025808285256,281.802854446137,1942.33333324
1.16914158281598,2.45552628484814,285.557175892228,1942.41666657
1.65562337702161,2.92109991901505,286.948880172668,1942.4999999
2.90501959391225,1.92331107068515,287.439022488271,1942.58333323
1.18449895106483,3.51445592668146,284.933954783478,1942.66666656
3.1948279947374,4.02029071337056,281.356759336716,1942.74999989
0.450317668974458,2.68262226919458,276.743985957371,1942.83333322
1.22363547015062,4.05272539945113,279.253739535162,1942.91666655
2.37444729086313,2.5684060984639,276.271649959161,1942.99999988
1.19192993570138,6.00802476969962,278.489942236469,1943.08333321
0.901130736924688,2.60990445215842,278.825450743134,1943.16666654
1.53722302181271,5.11408586381149,281.617293875412,1943.24999987
2.17430610465226,1.9293670431992,282.962139425871,1943.3333332
2.01032904367256,3.01480972131871,286.138224143994,1943.41666653
1.27812935748526,1.56833842112865,287.113822902202,1943.49999986
3.34542928337132,1.61697589627756,286.59743969781,1943.58333319
2.14408676713032,2.536061917613,284.442875293276,1943.66666652
2.96397207202882,3.65983698140695,282.809379966132,1943.74999985
1.00516452183628,3.0059975481402,278.353114744924,1943.83333318
0.810472724358873,2.97402568969503,276.635273703815,1943.91666651
1.73389641519319,5.96595908632833,279.03350350425,1943.99999984
1.08343756000786,2.11485842556213,276.582791926236,1944.08333317
0.287826804922068,2.63550752988249,278.043847127048,1944.1666665
1.21868148039293,2.41431206232401,281.867519493511,1944.24999983
1.99150388259332,1.3516064244533,282.928401140285,1944.33333316
2.55972650780092,2.3575911721385,285.270400464743,1944.41666649
2.59192744122593,0.500237432674545,287.759536201342,1944.49999982
2.95257789558612,1.89261479758379,288.280605278733,1944.58333315
3.26715624519974,1.67241336439762,284.203895770372,1944.66666648
3.29192619398822,1.75707654501716,281.401743717498,1944.74999981
4.48038833685921,2.2545640067714,277.794558683549,1944.83333314
1.85378296732941,4.0586724320222,277.206013034985,1944.91666647
2.59390903712901,2.52754132534167,272.785360448562,1944.9999998
2.81882017212836,5.38310224133275,279.246242138365,1945.08333313
1.20728730395023,4.11693876534218,280.767276513553,1945.16666646
1.31429348271644,2.78009118982528,281.804728795336,1945.24999979
3.25576206875704,1.64271943352899,283.224548313766,1945.33333312
2.38782306320891,3.32609614056064,286.14759588999,1945.41666645
2.27338589980616,2.072085828974,288.353704897504,1945.49999978
1.20926889985331,0.652932355267176,287.671441788978,1945.58333311
2.12872939888147,2.19447256833367,286.392198460492,1945.66666644
2.28676167215193,1.38230248214589,283.442909995478,1945.74999977
0.475087617762934,0.462832881170556,280.480501086069,1945.8333331
1.82703142263785,2.4959880159178,277.970747508278,1945.91666643
2.54436913955207,3.31260934384068,275.908963389107,1945.99999976
1.33311864379568,4.40886562013417,278.071962365037,1946.08333309
1.35442079975377,1.12235384087016,277.909831159302,1946.16666642
0.858526425008513,2.88141659023497,281.851587525317,1946.24999975
0.949679836550098,2.72184530686438,282.655683331794,1946.33333308
2.17826929645842,3.136852732001,285.647144653792,1946.41666641
1.81365565029208,3.25611255236324,288.001327248045,1946.49999974
2.63403635416634,2.16445447216081,286.454051984067,1946.58333307
2.64146733880288,2.91826060837112,285.719307097963,1946.6666664
0.451803865901768,0.738701613851852,281.514204669453,1946.74999973
2.76383088581795,1.90121522197717,280.070955786033,1946.83333306
1.82158203390439,2.8395712141611,275.84992138933,1946.91666639
1.66899914936739,2.77555725551661,275.316669042145,1946.99999972
1.2370112424964,2.70905468169233,270.659848456617,1947.08333305
3.34047529361363,0.95956834954565,274.326075490343,1947.16666638
2.54238754364899,5.02715190492619,280.237772864766,1947.24999971
2.78463764280027,1.11033995348312,284.377273071302,1947.33333304
2.88024964512378,2.06194521582715,286.639612554793,1947.41666637
1.96078914609561,2.44645224158055,288.127845818994,1947.4999997
0.272964835648985,0.235600569521506,289.706985019359,1947.58333303
1.08145596410478,3.48173093580305,286.009831223846,1947.66666636
1.22660786400524,1.46143110635915,283.442909995478,1947.74999969
2.67416367120367,3.41187459178457,278.749539600565,1947.83333302
1.4723257559869,2.58269741996912,277.56588808124,1947.91666635
3.915633504482,1.93305822792032,276.122639197821,1947.99999968
2.28874326805501,1.68469677717025,277.295044621949,1948.08333301
1.23602044454486,3.33168287942591,280.497370228862,1948.16666634
1.91124924851867,2.51258060433921,280.663250132995,1948.24999967
2.35562212978389,0.218644614394622,282.739091871161,1948.333333
4.01322710270858,1.42506272474036,285.011740275247,1948.41666633
1.91124924851867,2.21571851093803,287.285325853933,1948.49999966
5.49149764640472,1.1261397563602,286.594628174011,1948.58333299
1.92660661676752,4.30407237383896,285.47751605126,1948.66666632
1.89985507207597,3.40257446352281,282.263944349152,1948.74999965
1.27614776158219,3.18740855599755,280.148741277802,1948.83333298
2.47005929318664,3.05520603736707,278.201292459785,1948.91666631
2.28329387932155,5.09482267967552,277.89108766731,1948.99999964
2.23177238584152,5.20360961161866,278.305318840343,1949.08333297
1.28655114007335,1.21067977078768,277.226630876177,1949.1666663
1.97961430717485,4.45350096325767,281.613545177013,1949.24999963
1.91124924851867,1.8077064840085,283.199244599576,1949.33333296
0.758951230878846,0.631001028435742,286.208512238966,1949.41666629
1.64967858931238,1.31193290934203,288.448359532065,1949.49999962
2.11139043472954,2.98910257828064,288.026630962235,1949.58333295
1.28159715031565,1.014186500167,287.234718425553,1949.66666628
3.18739701010086,2.71057000619147,283.471025233466,1949.74999961
2.24861595101768,2.37990142062789,279.398064423504,1949.83333294
2.9966684044296,4.79246130626526,277.657731192004,1949.91666627
1.26822137796988,2.81838681831425,277.201327161987,1949.9999996
2.23424938072037,2.63074060578568,276.304451070148,1950.08333293
1.41634567172495,2.88831449505621,279.866651723315,1950.16666626
2.47204088908972,3.14577753267955,279.156273376801,1950.24999959
1.41337327787034,0.909479294385153,282.364222031311,1950.33333292
1.82356362980747,3.17924357728996,287.507436234044,1950.41666625
2.59390903712901,1.96279506975281,287.533677122833,1950.49999958
3.2597252605632,2.42626248104641,287.266582361941,1950.58333291
5.12143461150492,4.21744139937474,284.464430309067,1950.66666624
1.26475358513949,3.61921137801996,282.046519842039,1950.74999957
2.98477882901114,1.2105913512505,277.270678082359,1950.8333329
0.835242673147347,1.6847997429065,273.666304572208,1950.91666623
2.5389197508186,2.7590873903455,275.842423992533,1950.99999956
2.19709445753766,1.99714798665078,275.286679454957,1951.08333289
2.58251486068631,0.348968374256446,276.140445515214,1951.16666622
2.46064671264702,2.68023080390216,278.348428871926,1951.24999955
1.88994709256058,2.48708589796549,281.300528860739,1951.33333288
1.65562337702161,0.450019704242635,284.874912783702,1951.41666621
2.25456073872692,3.16960930474646,287.792337312329,1951.49999954
3.41973912973674,2.43944951817158,286.483104396656,1951.58333287
1.96475233790177,2.50261012617701,285.77647474854,1951.6666662
0.312596753710544,1.55441864307394,282.685672918982,1951.74999953
3.97111818976818,1.88673687847629,280.638883593405,1951.83333286
2.46411450547741,5.33287717243997,278.156308079003,1951.91666619
1.68881510839817,3.75387390021082,274.386991839318,1951.99999952
0.612313134051079,3.75790437799579,276.234162975176,1952.08333285
1.82158203390439,0.970624203261366,278.676439981794,1952.16666618
1.68782431044663,2.24822381027589,281.353947812918,1952.24999951
1.44953740310151,0.482484915521919,284.33322586512,1952.33333284
2.43736296078586,3.56381760167408,285.536558051036,1952.41666617
1.45894998364113,3.19143300118193,287.937599375271,1952.4999995
3.48265479965947,1.87123281423624,287.021979791439,1952.58333283
1.79879368101899,2.29387621340073,283.01555837805,1952.66666616
1.74132739982973,1.69152488625783,281.159952670796,1952.74999949
1.59369850505043,1.53853552399107,276.44877595849,1952.83333282
2.22186440632613,2.86359662035494,275.836800944936,1952.91666615
0.99575194129666,3.99735137466293,277.341903351931,1952.99999948
1.07749277229863,2.83677218336081,277.884527445112,1953.08333281
0.446354477168304,2.66680736833428,278.635204299411,1953.16666614
2.6493937224152,0.798772260483104,278.653010616803,1953.24999947
1.50105889658153,0.718554536107457,284.145790945195,1953.3333328
1.3960343137184,1.21696886954943,285.684631637777,1953.41666613
3.18739701010086,3.03086768958456,286.997613251849,1953.49999946
2.05045636070989,3.21427702580201,287.59178194801,1953.58333279
2.49482924197512,2.12695962214509,286.277863159338,1953.66666612
1.11762008933595,2.40015938143914,282.622882220807,1953.74999945
3.18888320702816,4.62403741405414,281.059674988636,1953.83333278
2.02172322011526,2.3307664731809,278.619272331217,1953.91666611
1.91521244032482,2.01124734247433,276.094523959832,1953.99999944
1.94245938399214,1.36314301228036,275.041139709855,1954.08333277
1.98159590307793,0.817154111956009,277.583694398633,1954.1666661
0.827811688510805,1.4804548209334,280.172170642793,1954.24999943
4.20197411247676,1.01921054134901,283.01462120345,1954.33333276
1.82158203390439,1.3845180178451,284.85523211711,1954.41666609
2.0940514705776,3.37874795317783,286.032323414237,1954.49999942
3.05562088254617,0.753959234642069,286.242250524552,1954.58333275
2.48343506553242,3.84772227744698,284.03426716784,1954.66666608
3.29588938579437,4.02991763525992,283.172066536187,1954.74999941
3.24040470050819,3.09025145998763,278.898550361905,1954.83333274
2.59192744122593,4.96038724142265,278.718612838777,1954.91666607
1.11217070060249,1.31521501206573,275.494732216073,1954.9999994
1.65265098316699,0.610228722187331,273.262382319771,1955.08333273
1.47034416008382,1.05473381099024,275.629685358419,1955.16666606
1.04331024297053,2.59519929456118,281.346450416121,1955.24999939
1.97416491844139,1.39159797478646,281.728817652767,1955.33333272
1.28556034212181,0.650605078194606,285.261965893346,1955.41666605
1.06263080302554,0.913810032088936,289.164360926178,1955.49999938
0.421584528379829,0.720187313212057,289.552351210422,1955.58333271
1.43814322665881,4.13089520469908,286.445617412671,1955.66666604
1.46687636725344,3.07328429155434,281.410178288895,1955.74999937
1.28754193802488,1.63632662428566,279.928505246891,1955.8333327
3.77444479638769,3.00369988767142,277.007332019865,1955.91666603
1.80226147384938,2.73030223293793,275.883659674917,1955.99999936
1.77501453018206,0.915288027269781,273.771268127366,1956.08333269
1.24939621689064,1.57347775358966,278.317502110138,1956.16666602
1.51245307302423,0.730935928703486,278.850754457324,1956.24999935
1.04331024297053,3.66828906355537,283.903062723893,1956.33333268
2.15548094357302,1.76876507932095,285.041729862435,1956.41666601
3.76106902404192,1.00643358356098,287.157870108384,1956.49999934
5.15165394902686,0.436174192665727,284.782132498339,1956.58333267
3.05562088254617,0.893816633172761,285.781160621538,1956.666666
1.45894998364113,3.72870358607599,281.877828414107,1956.74999933
0.477564612641781,3.21251177733914,278.904173409502,1956.83333266
2.12872939888147,4.11919570685249,279.105665948421,1956.91666599
2.25901932950884,4.0474910525955,277.628678779415,1956.99999932
1.60905587329928,1.90431705192029,276.545304942251,1957.08333265
1.79780288306745,2.4804867473662,281.162764194594,1957.16666598
0.884782570724295,0.945201574107965,280.909727052696,1957.24999931
1.64621079648199,0.109940296071871,282.448567745278,1957.33333264
1.59072611119581,0.977196985430781,286.260056841945,1957.41666597
3.40636335739097,1.18200613384262,287.718300518959,1957.4999993
3.36474984342633,1.59812533832726,287.035100235834,1957.58333263
1.84833357859594,2.32849880946018,283.993031485457,1957.66666596
2.29815584859463,4.43560913858397,283.000563584456,1957.74999929
1.51839786073346,1.43642706999101,279.401813121902,1957.83333262
3.2062221711801,3.13181287811579,277.601500716026,1957.91666595
2.28329387932155,3.17664734759517,275.835863770336,1957.99999928
2.42993197614931,1.93036694414671,276.183555546796,1958.08333261
2.14012357532417,1.35948736304102,275.464742628885,1958.16666594
1.73736420802358,1.80822617353633,279.587373692628,1958.24999927
2.59985382483825,1.59179467901373,282.277064793546,1958.3333326
2.74649192166601,1.22992860193618,285.097960338412,1958.41666593
4.12766426611133,0.691939595371104,287.509310583243,1958.49999926
2.66623728759136,1.69799218142865,287.382792012294,1958.58333259
1.89589188026981,1.21630234964261,286.916079061681,1958.66666592
1.60013869173543,3.88126926213497,283.259223773952,1958.74999925
0.515214934800261,1.92257759165469,279.277168900153,1958.83333258
2.70388760974984,1.21243127835544,276.74492313197,1958.91666591
0.82384849670465,2.37361914071055,273.567901239248,1958.99999924
0.524627515339882,3.16123590089081,277.377515986716,1959.08333257
1.13694064939096,1.78636876663254,279.197509059184,1959.1666659
1.79879368101899,2.48731974282331,281.072795433031,1959.24999923
0.453785461804846,0.475803126586785,283.862764216109,1959.33333256
2.39574944682122,2.12827088243012,286.436245666674,1959.41666589
2.39574944682122,2.71258205389923,288.441799309868,1959.49999922
0.90013993897315,2.21544129869042,288.724826038954,1959.58333255
1.43071224202227,1.33730322858058,286.593690999411,1959.66666588
2.08067569823183,1.68521390575925,284.460681610669,1959.74999921
3.37416242396595,2.19505656560143,279.861965850317,1959.83333254
3.18145222239162,2.48167999586297,277.780501064554,1959.91666587
2.98131103618075,1.07125437426893,276.250094943369,1959.9999992
1.89291948641519,2.06741925152607,275.640931453614,1960.08333253
1.78987649945514,2.95026348437756,278.159119602802,1960.16666586
1.9414685860406,2.30837072110303,281.674461525989,1960.24999919
1.57933193475311,0.936213518747676,284.297613230334,1960.33333252
1.3311370478926,1.66817301421723,287.526179726036,1960.41666585
3.05165769074002,1.57472832077358,287.065089823022,1960.49999918
2.97140305666536,1.00307525272037,286.776440046338,1960.58333251
1.81563724619515,0.864716503363289,285.084839894018,1960.66666584
3.08980341187427,2.53459851819463,282.581646538424,1960.74999917
2.43587676385855,1.99268887343691,278.676439981794,1960.8333325
2.26199172336346,3.11228060181387,275.882722500317,1960.91666583
1.60410188354159,1.64778082261448,275.572517707842,1960.99999916
2.05788734534643,4.08119668053445,279.112226170619,1961.08333249
0.913515711318926,5.1921246481923,281.002507338059,1961.16666582
3.46184804267715,1.20246529603281,280.917224449493,1961.24999915
1.43418003485265,0.856113634531197,282.96495094967,1961.33333248
1.72052064284741,3.61616718531107,285.648081828391,1961.41666581
2.33828316563196,2.69345815650863,286.611497316804,1961.49999914
3.73481287832613,3.58660255413721,286.741764586152,1961.58333247
2.45668352084087,3.07756973728708,286.453114809468,1961.6666658
3.21563475171972,2.62646489056417,282.654746157195,1961.74999913
1.4074284901611,2.13302771651982,278.539612490249,1961.83333246
1.65364178111853,1.4698380270159,274.788102567957,1961.91666579
3.09921599241389,4.84012508677793,276.250094943369,1961.99999912
2.19065427085265,2.87116121350345,276.705561798786,1962.08333245
1.0908685446444,0.843499798225311,274.098342062635,1962.16666578
1.72052064284741,0.711784298754217,279.169393821196,1962.24999911
2.28676167215193,1.52432064728258,282.016530254851,1962.33333244
1.12703266987557,3.61152873264121,285.731490367758,1962.41666577
1.88846089563327,0.383709812955508,285.962972493865,1962.4999991
2.47749027782319,3.93344444268716,285.441903416474,1962.58333243
3.10317918422004,1.81684640583085,284.094246342216,1962.66666576
0.503325359381794,3.2484967249548,282.337981142522,1962.74999909
2.20403004319843,0.220021703068044,277.027012686457,1962.83333242
1.80077527692207,2.72277632433798,275.341035581735,1962.91666575
1.6363028169666,1.41994634517949,271.197786676801,1962.99999908
1.73934580392665,1.23245793431973,270.542701631664,1963.08333241
2.29468805576425,2.11651242107041,277.079494464036,1963.16666574
1.80424306975246,0.992171710446391,279.633295248009,1963.24999907
2.16687512001572,2.84971953779371,281.785048128744,1963.3333324
2.63601795006942,0.151890283752382,285.473767352861,1963.41666573
1.4723257559869,1.36288205070936,286.269428587941,1963.49999906
3.09772979548658,1.38144306950005,285.623715288801,1963.58333239
1.46885796315652,3.48207216284865,284.372587198304,1963.66666572
1.45894998364113,3.69710212880668,282.501986697456,1963.74999905
4.85045137175901,0.680870194694003,278.620209505817,1963.83333238
0.566241029304519,1.12289462621576,275.416009549705,1963.91666571
1.05668601531631,2.55651162552018,276.9201747821,1963.99999904
0.606368346341847,1.24704783407078,276.243534721172,1964.08333237
2.94663310787689,2.84997845234852,276.406603101507,1964.1666657
2.20848863398036,1.79554312611595,280.482375435268,1964.24999903
1.6363028169666,2.68586532129879,283.743743041957,1964.33333236
1.77749152506091,2.01182738899486,285.02860941804,1964.41666569
1.69575069405894,4.1055831043048,286.693968681571,1964.49999902
3.74620705476883,1.83466923019828,286.176648302579,1964.58333235
1.92066182905829,3.36094975363873,285.001431354651,1964.66666568
1.54514940542502,1.57079308163552,281.126214385209,1964.74999901
1.13297745758481,3.55077546612328,278.964152583878,1964.83333234
2.5503139272613,3.32388858724781,275.40382627991,1964.91666567
2.54040594774591,2.91507871528153,274.471337553285,1964.999999
0.886764166627373,2.03496604209815,275.038328186057,1965.08333233
2.2451481581873,1.29934973203403,276.77116402076,1965.16666566
1.92066182905829,2.27318795731043,279.548949534043,1965.24999899
3.28449520935167,0.548824962461384,282.892788505499,1965.33333232
1.79086729740668,2.48475932708928,285.609657669807,1965.41666565
2.90501959391225,0.752680851306727,284.906776720089,1965.49999898
2.23524017867191,2.4858754786929,285.829893700718,1965.58333231
5.60197161800132,1.10625102602529,284.272309516144,1965.66666564
2.17430610465226,1.69868688221906,282.278001968146,1965.74999897
2.64543053060904,0.251358913787437,275.760889802366,1965.8333323
2.25257914282384,2.62450662741643,275.061757551047,1965.91666563
1.83693940215324,1.36902394710013,274.973663138683,1965.99999896
3.11110556783236,1.6839205893267,275.560334438047,1966.08333229
1.21669988448985,4.94722653241934,278.541486839448,1966.16666562
3.05165769074002,2.33838793897001,277.801118905746,1966.24999895
2.57855166888016,2.07146453654213,282.581646538424,1966.33333228
2.87430485741454,1.25858265881132,286.32378471472,1966.41666561
1.61351446408121,2.43317777229807,286.316287317923,1966.49999894
3.86064421817158,0.185636370389688,285.629338336399,1966.58333227
2.33630156972888,3.24748302470024,285.718369923363,1966.6666656
2.24118496638114,0.573000707865925,281.181507686587,1966.74999893
1.24939621689064,2.49537952160572,277.084180337034,1966.83333226
2.73311614932024,3.79916402750408,276.505006434467,1966.91666559
1.78739950457629,2.44737183681273,277.304416367946,1966.99999892
2.92681714884611,3.66475640244244,278.037286904851,1967.08333225
2.01429223547872,6.57787949056763,279.1590849006,1967.16666558
1.2662397820668,2.50023405005123,280.316495531135,1967.24999891
3.88739576286314,0.966556153218469,281.789734001742,1967.33333224
0.884782570724295,2.54481853725454,286.252559445148,1967.41666557
1.59468930300197,3.46859719252195,287.552420614826,1967.4999989
1.77204213632744,1.67185966246684,287.19254556857,1967.58333223
2.22186440632613,1.74936652190117,285.558113066827,1967.66666556
3.21018536298625,4.62100006017383,282.398897491497,1967.74999889
1.70912646640472,2.9284476791885,278.911670806299,1967.83333222
0.839205864953504,4.40930205418094,277.685846429992,1967.91666555
1.92462502086444,3.63848851415732,277.172274749399,1967.99999888
2.08463889003798,0.411040863709348,274.170504506805,1968.08333221
1.70318167869548,4.33349466763337,278.956655187081,1968.16666554
2.58945044634709,0.491354347397789,280.083139055828,1968.24999887
2.97734784437459,0.615448392464193,281.34832476532,1968.3333322
1.69178750225278,1.46473918716135,286.451240460268,1968.41666553
3.41775753383367,0.535005864458387,286.508408110845,1968.49999886
1.43418003485265,0.394452398124379,286.917016236281,1968.58333219
3.50940634435102,0.852541516343786,285.609657669807,1968.66666552
2.72370356878062,3.01646454736082,284.421320277484,1968.74999885
2.20502084114997,1.45297507102031,279.143152932406,1968.83333218
1.56199297060118,0.546701058270315,276.482514244076,1968.91666551
2.58251486068631,1.77479798978787,278.195669412187,1968.99999884
1.72250223875049,0.838009477714411,274.115211205428,1969.08333217
1.42278585840996,1.85760239820614,275.919272309702,1969.1666655
1.83892099805632,1.38239373088575,279.411184867899,1969.24999883
3.28647680525475,1.20182402525556,282.371719428108,1969.33333216
2.25257914282384,0.968609292394058,286.287234905334,1969.41666549
1.23007565683563,4.15469264000824,288.246866993146,1969.49999882
2.02766800782449,0.870929561346786,288.549574388825,1969.58333215
1.76262955578782,2.29949175766424,285.930171382878,1969.66666548
1.20084711726523,3.85892340004578,285.367866623104,1969.74999881
3.38357500450557,3.23211195451297,277.048567702248,1969.83333214
1.47827054369614,1.54400216344853,276.608095640426,1969.91666547
2.48343506553242,1.95638857516292,276.047665229851,1969.9999988
2.40615282531238,2.96143610714903,275.409449327507,1970.08333213
1.26277198923641,3.2308819861665,276.988588527873,1970.16666546
2.05441955251605,2.26261241167978,278.88449274291,1970.24999879
0.652440451088409,1.56597234568939,283.829025930523,1970.33333212
1.60608347944466,0.828568405135233,287.012608045443,1970.41666545
2.12476620707531,3.78617846404761,286.350025603509,1970.49999878
2.50820501432089,0.839566147944604,287.752038804545,1970.58333211
3.1492512889666,3.14657075461242,286.04919255703,1970.66666544
2.38782306320891,4.01770380133151,282.593829808219,1970.74999877
2.86291068097184,2.74599515277129,279.38213245531,1970.8333321
1.55654358186772,1.67105609873946,277.611809636622,1970.91666543
2.28329387932155,2.21028693474576,277.631490303214,1970.99999876
1.39355731883956,3.40667402317751,278.26314598336,1971.08333209
2.26496411721808,1.41096363872399,278.068213666638,1971.16666542
1.61054207022659,0.412690345088371,280.249018959962,1971.24999875
1.71655745104126,1.53092364483228,283.777481327543,1971.33333208
1.53177363307924,0.370521679761019,284.219827738565,1971.41666541
3.07444604362541,0.751375455376387,288.078175565214,1971.49999874
3.29588938579437,1.02516924968844,287.023854140638,1971.58333207
1.13694064939096,1.6185436060938,286.245999222951,1971.6666654
1.87508512328749,3.64186124049895,283.524444185645,1971.74999873
2.3100454240131,3.70627535516233,278.894801663506,1971.83333206
1.04826423272823,4.29605872942293,280.681993624988,1971.91666539
3.324622526389,2.0349286400074,277.127290368617,1971.99999872
2.39674024477276,1.87462374440302,277.24350001897,1972.08333205
1.38265854137263,0.97708448861772,278.526492045854,1972.16666538
2.43736296078586,1.88498257981185,280.847873529121,1972.24999871
3.01153037370269,0.831818249601943,283.011809679651,1972.33333204
2.714290988241,2.52562070291923,284.360403928509,1972.41666537
1.34649441614145,0.93962643079465,287.185985346373,1972.4999987
1.38265854137263,2.12568092997742,286.776440046338,1972.58333203
0.541471080516043,1.30214936086473,284.232011008361,1972.66666536
0.76489601858808,1.44846730845715,283.206741996373,1972.74999869
1.54663560235233,4.33077091146429,278.449643728685,1972.83333202
1.85972775503864,3.7215785066309,278.379355633713,1972.91666535
1.77749152506091,2.65496276062313,277.325971383737,1972.99999868
0.665816223434184,4.4295867826255,277.080431638636,1973.08333201
0.66928401626457,3.61231391460679,279.402750296502,1973.16666534
1.79879368101899,2.25194505705913,279.246242138365,1973.24999867
2.77324346635757,0.677470298547021,282.720348379168,1973.333332
1.13297745758481,3.40117849332161,286.892649696691,1973.41666533
2.54436913955207,0.855374277795198,287.857002359703,1973.49999866
1.99695327132679,2.33591475095854,287.547734741828,1973.58333199
1.02250348598821,1.73424856508563,285.582479606418,1973.66666532
1.89589188026981,1.10544755820207,281.584492764425,1973.74999865
1.72993322338703,4.30564645837615,278.290324046749,1973.83333198
2.14557296405763,3.84490040929606,277.563076557442,1973.91666531
3.40537255943943,5.09765507973859,278.891990139707,1973.99999864
1.96623853482908,2.50491943434955,278.38872737971,1974.08333197
1.93007440959791,1.25055069738326,277.842354588129,1974.1666653
0.65987143572495,2.00537407255481,279.849782580522,1974.24999863
1.84635198269286,0.718072652628885,283.441972820878,1974.33333196
1.48223373550229,1.19437555039913,285.544992622433,1974.41666529
2.36701630622659,3.74252768241069,286.537460523434,1974.49999862
2.10594104599607,2.56249806608334,287.121320298999,1974.58333195
3.60848613950492,2.56586497278937,283.769983930746,1974.66666528
2.09999625828684,2.67686033698265,280.296814864543,1974.74999861
2.96199047612574,3.05675141063839,278.83575966373,1974.83333194
1.99199928156909,6.59543281825673,279.915384802496,1974.91666527
3.79178376053962,5.43665432336587,278.568664902837,1974.9999986
1.45548219081074,1.33630081260339,277.249123066568,1975.08333193
1.14239003812443,0.971092268128138,277.235065447573,1975.16666526
1.74529059163589,2.033976935898,280.595773561822,1975.24999859
1.31231188681336,1.04715870512901,281.710074160774,1975.33333192
1.25682720152718,1.30660978982111,286.585256428014,1975.41666525
1.91124924851867,1.91458802562256,288.348081849906,1975.49999858
1.69921848688933,1.07222521064385,289.826943368111,1975.58333191
5.14967235312378,3.07027955893578,284.813059260127,1975.66666524
1.89985507207597,2.00998843716627,282.186158857383,1975.74999857
1.15972900227636,2.71808014356199,278.828262266933,1975.8333319
0.762914422685003,4.75293679546176,278.807644425741,1975.91666523
2.10197785418992,4.21383845826594,278.183486142392,1975.99999856
1.5600113746981,2.03359650611817,278.108512174422,1976.08333189
2.49086605016896,2.50696196943431,277.544333065449,1976.16666522
1.11018910469941,1.45647572241005,280.518925244653,1976.24999855
3.31867773867977,2.14174511634969,283.406360186092,1976.33333188
0.854563233202358,3.10335338725896,287.838258867711,1976.41666521
1.32370606325606,1.15128198830926,289.322743433514,1976.49999854
0.867939005548133,0.173697809723466,288.303097469124,1976.58333187
3.73084968651998,1.24707026553162,285.051101608431,1976.6666652
4.35901558779568,1.3828143281956,282.693170315779,1976.74999853
1.72448383465357,3.17562973386582,278.575225125035,1976.83333186
1.65958656882777,0.99877675481014,274.600667648033,1976.91666519
2.561708103704,0.967547241025994,274.950233773692,1976.99999852
3.88739576286314,1.35313261310766,276.674635036999,1977.08333185
2.32292579738311,2.26798874001345,279.593933914825,1977.16666518
2.45272032903471,3.79581986728743,279.55738410544,1977.24999851
1.75470317217551,0.474756936963603,282.312677428332,1977.33333184
2.15151775176686,0.690345650671856,284.908651069289,1977.41666517
0.722787105647674,1.16773972051388,287.800771883726,1977.4999985
2.13417878761493,0.890619708683915,287.050095029428,1977.58333183
1.33708183560183,2.84872978547258,284.764326180947,1977.66666516
3.43311490208252,2.8979341490351,284.138293548398,1977.74999849
2.12872939888147,4.42015107730034,277.89108766731,1977.83333182
1.75073998036935,1.59429486590495,278.620209505817,1977.91666515
2.69051183740406,2.60223667963491,275.506915485868,1977.99999848
2.5389197508186,0.778801255789014,274.244541300176,1978.08333181
2.41110681507007,3.85108054629704,278.98477042507,1978.16666514
1.94345018194368,1.89946134124268,278.731733283172,1978.24999847
1.02993447062475,0.727451254126206,283.965853422068,1978.3333318
2.13814197942109,1.66317244343678,285.981715985857,1978.41666513
2.62066058182057,1.88417137570284,286.615246015202,1978.49999846
1.79483048921284,1.70239464314326,287.186922520973,1978.58333179
2.27338589980616,4.55684014774555,285.766165827944,1978.66666512
0.883296373796987,3.85340672932971,284.243257103556,1978.74999845
2.58449645658939,5.05475245859186,280.929407719288,1978.83333178
4.53934081497578,3.39077299327913,276.429095291897,1978.91666511
1.70318167869548,1.56208090628703,272.680396893405,1978.99999844
0.949679836550098,0.964453336150295,274.094593364236,1979.08333177
3.37416242396595,2.70897950948918,276.277273006758,1979.1666651
2.51365440305436,1.10856066698631,279.203132106782,1979.24999843
2.9966684044296,1.77247199723642,281.308026257536,1979.33333176
1.56199297060118,1.9615993065734,285.891747224293,1979.41666509
1.45696838773805,4.15478393972082,287.31718979032,1979.49999842
2.35364053388081,1.69142197379815,286.228192905558,1979.58333175
1.36581497619646,4.24149271090393,285.097960338412,1979.66666508
2.20848863398036,1.80737680983786,283.364187329109,1979.74999841
2.56269890165554,4.11798531948077,278.899487536504,1979.83333174
3.43905968979175,3.15764320950516,277.323159859938,1979.91666507
1.95236736350753,0.954801632869313,275.075815170042,1979.9999984
2.68952103945252,1.34065220746422,278.044784301648,1980.08333173
3.4123081451002,0.799776327932079,276.730865512976,1980.16666506
0.379475615439422,1.59639355630261,281.166512892993,1980.24999839
1.12901426577865,1.847676448926,283.216113742369,1980.33333172
2.96397207202882,1.35210270588452,285.859883287906,1980.41666505
3.40834495329405,0.748228040286894,286.528088777437,1980.49999838
3.45788485087099,1.87035614991363,287.290948901531,1980.58333171
2.20848863398036,3.54710267014832,286.252559445148,1980.66666504
3.06701505898887,2.02779362248889,280.865679846514,1980.74999837
3.29787098169745,1.69718336911358,279.238744741568,1980.8333317
2.31153162094041,5.35047863066058,278.518994649057,1980.91666503
1.81761884209823,4.5393529914212,277.446866907088,1980.99999836
1.64967858931238,2.37453363072041,276.450650307689,1981.08333169
3.08633561904388,1.66699585033503,279.129095313412,1981.16666502
0.969000396605108,0.75591503804401,280.039091849646,1981.24999835
2.12674780297839,1.54083901434146,283.581611836222,1981.33333168
2.28874326805501,2.12006016139203,285.394107511893,1981.41666501
2.52356238256975,2.78065283200235,287.162555981382,1981.49999834
0.81443591616503,2.25311482640373,287.937599375271,1981.58333167
3.92900927682777,3.1514906809702,286.275051635539,1981.666665
3.36276824752325,3.01552073863077,279.671719406594,1981.74999833
2.38237367447544,4.6697952305554,279.972552453073,1981.83333166
1.79483048921284,0.453488558783667,273.304555176754,1981.91666499
3.24734028616896,1.71758511676856,275.193899169594,1981.99999832
1.87855291611788,3.47344121858533,278.490879411069,1982.08333165
2.38435527037852,3.88041993285573,278.803895727343,1982.16666498
1.22809406093255,2.31602540000359,281.59573885962,1982.24999831
2.16489352411264,2.23088555389964,283.457904789072,1982.33333164
2.74252872985986,2.00090140300508,285.873003732301,1982.41666497
1.78145471686706,0.737370366259166,288.368699691097,1982.4999983
2.18223248826457,3.3705076649254,287.282514330134,1982.58333163
3.15866386950622,3.55700014487587,285.559987416027,1982.66666496
4.11973788249902,1.33378787468899,282.910594822892,1982.74999829
3.75561963530845,3.8882683722469,279.525520169053,1982.83333162
2.70636460462869,3.85885528469307,276.79553056035,1982.91666495
2.69893361999214,7.12393003983315,278.982896075871,1982.99999828
1.11563849343287,0.953139119555086,275.514412882665,1983.08333161
2.38980465911199,3.83794720188249,279.373697883914,1983.16666494
2.43191357205239,0.653378442446556,278.683000203991,1983.24999827
2.84557171681991,1.60881379083878,281.901257779098,1983.3333316
1.71655745104126,1.31833946026334,285.295704178933,1983.41666493
0.663834627531106,1.45296794366602,289.324617782713,1983.49999826
0.58357999345645,1.34742105884806,289.240272068747,1983.58333159
3.65455824425148,2.20019008341113,285.17762017938,1983.66666492
2.73509774522332,5.49388123236229,282.654746157195,1983.74999825
0.675228803973804,1.54654160004599,280.180605214189,1983.83333158
3.2775596236909,2.75556095559357,279.354954391921,1983.91666491
3.38753819631173,3.41004873947862,275.356967549928,1983.99999824
1.84635198269286,2.43671608415545,277.573385478037,1984.08333157
3.27855042164244,0.874764503918448,277.611809636622,1984.1666649
0.888745762530452,1.34083197894359,280.589213339625,1984.24999823
1.1899483397983,1.33634024680263,282.776578855146,1984.33333156
1.29150512983104,2.09913951470133,286.624617761199,1984.41666489
0.82384849670465,1.44850087599733,289.325554957313,1984.49999822
1.12901426577865,0.436672634620373,288.781056514932,1984.58333155
3.51535113206025,2.15667532082131,285.00424287845,1984.66666488
3.39150138811788,4.08577749575368,283.307956853132,1984.74999821
4.87918451235364,1.55909637085653,280.70073711698,1984.83333154
2.13219719171186,2.98644568337771,278.85918902872,1984.91666487
1.85031517449902,1.0239931273378,274.634405933619,1984.9999982
0.623707310493778,1.73731635704899,276.540619069253,1985.08333153
2.52158078666667,0.823635781551518,277.461861700682,1985.16666486
2.75045511347217,1.69766644322618,280.60233378402,1985.24999819
1.98952228669024,0.761096435382299,282.875919362706,1985.33333152
2.22037820939882,0.915776660618222,284.824305355322,1985.41666485
4.27628395884218,2.67960738541946,287.348116552108,1985.49999818
4.45759998397381,3.357651534537,286.32284754012,1985.58333151
4.220799273556,2.56078801467926,285.548741320831,1985.66666484
0.934817867277013,2.73031696974155,283.422292154286,1985.74999817
2.29567885371578,1.24169519647988,276.618404561021,1985.8333315
3.56885422144336,3.12011843522625,278.78608940995,1985.91666483
3.18739701010086,2.56879104551068,276.208859260986,1985.99999816
1.26079039333333,2.95652158304306,273.365471525729,1986.08333149
2.28676167215193,4.44493654906278,278.229407697774,1986.16666482
3.04026351429732,0.899084679624165,278.241590967569,1986.24999815
3.49801216790832,3.87123630654088,283.230171361363,1986.33333148
2.42448258741585,0.135504085762915,285.956412271667,1986.41666481
2.45668352084087,3.40279945621667,287.398723980487,1986.49999814
2.88768062976032,0.497297984033902,285.396919035692,1986.58333147
0.829793284413884,3.58540305549086,284.143916595996,1986.6666648
1.51839786073346,4.7977392808285,283.085846473021,1986.74999813
2.46609610138049,5.19946638794387,280.510490673257,1986.83333146
5.04662936616373,4.26384738610748,278.160993952001,1986.91666479
1.61153286817813,0.479284245559069,274.790914091756,1986.99999812
1.48025213959922,1.66351992250138,276.912677385303,1987.08333145
2.99468680852653,1.67869318889628,277.231316749175,1987.16666478
2.09603306648068,0.777936573047207,281.777550731947,1987.24999811
2.21245182578651,1.34906310249063,282.338918317122,1987.33333144
3.30332037043091,0.552645729589907,284.340723261917,1987.41666477
2.71230939233792,1.64843695156047,287.805457756724,1987.4999981
2.74252872985986,2.07663693443614,287.297509123728,1987.58333143
2.34026476153504,3.7025709360485,285.142007544595,1987.66666476
3.60105515486837,1.88928373405567,281.502021399658,1987.74999809
1.31776127554682,2.23353596699648,279.489907534267,1987.83333142
2.04451157300066,2.10968706296647,278.607089061422,1987.91666475
3.32809031921939,2.63295003046828,277.564950906641,1987.99999808
2.3214396004558,4.18566561804977,277.849851984926,1988.08333141
3.15073748589391,3.06729865656613,278.365298014719,1988.16666474
1.73934580392665,0.860270951437131,280.520799593853,1988.24999807
2.36107151851736,1.36118401722136,283.354815583113,1988.3333314
0.671265612167649,0.218616257430688,286.972309537659,1988.41666473
5.19178126606419,2.47544194304864,286.692094332371,1988.49999806
3.50940634435102,3.28958829347759,287.298446298328,1988.58333139
2.23325858276883,3.81704766834099,285.413788178485,1988.66666472
2.88371743795416,1.28498191588848,282.645374411198,1988.74999805
2.06779532486182,2.21254258296034,278.929477123692,1988.83333138
1.11960168523903,4.93356839070563,280.732601053367,1988.91666471
2.15696714050033,6.1156364124075,280.636072069606,1988.99999804
2.82872815164375,5.86831538028016,278.693309124587,1989.08333137
2.71230939233792,4.30693713164578,279.387755502908,1989.1666647
1.73191481929011,0.743000391902034,279.246242138365,1989.24999803
0.955624624259332,1.83549474502692,284.409137007689,1989.33333136
1.9414685860406,1.14538064631041,286.528088777437,1989.41666469
1.10077652415979,1.53360666221111,289.500806607442,1989.49999802
3.22356113533203,3.97159989566621,287.623645884397,1989.58333135
1.66899914936739,2.5142228588294,285.530935003438,1989.66666468
2.10197785418992,3.53731255307454,283.868387263707,1989.74999801
0.896672146142764,0.991108717391573,279.445860328085,1989.83333134
1.67543933605239,1.05951102261252,275.996120626872,1989.91666467
3.60947693745646,5.71649308051735,279.329650677731,1989.999998
4.35852018881991,6.70215166341207,279.299661090543,1990.08333133
2.21443342168959,6.77162565055067,281.032496925247,1990.16666466
1.29497292266143,3.01090346363334,280.519862419253,1990.24999799
1.28556034212181,0.497699002851425,284.135482024599,1990.33333132
3.22702892816241,1.72570029043414,285.953600747868,1990.41666465
1.89985507207597,1.57538859725395,287.892614994489,1990.49999798
2.07522630949836,3.68809087817645,288.558008960221,1990.58333131
1.97218332253831,3.6416605392544,284.772760752343,1990.66666464
4.00530071909627,1.64899835637113,283.632219264602,1990.74999797
1.13099586168173,1.42625405508229,278.845131409726,1990.8333313
2.74203333088409,3.37697538869608,277.399071002508,1990.91666463
1.91323084442174,3.5786744297247,276.135759642215,1990.99999796
2.9431653150465,0.75888166509777,275.481611771678,1991.08333129
2.14953615586379,1.1009974327488,279.739195977767,1991.16666462
1.82554522571055,1.64560191192729,280.359605562717,1991.24999795
0.720805509744597,1.85822531705145,283.650025581994,1991.33333128
3.27310103290898,1.29255445361957,284.478487928061,1991.41666461
2.51761759486051,0.596396602174164,288.633920102791,1991.49999794
1.33708183560183,3.1260928188695,288.545825690426,1991.58333127
1.97416491844139,2.17412886266013,285.510317162247,1991.6666646
2.69695202408907,1.6966256754704,282.298619809338,1991.74999793
3.10317918422004,3.77519875342893,279.466478169276,1991.83333126
1.67643013400393,3.85180424092343,278.06540214284,1991.91666459
2.30013744449771,3.24830001414169,277.306290717145,1991.99999792
2.10296865214146,4.83784364229219,278.930414298292,1992.08333125
3.16609485414277,3.36293899713419,279.738258803167,1992.16666458
2.76184928991487,2.00878583196645,280.740098450164,1992.24999791
1.04925503067976,0.889284944455476,284.334163039719,1992.33333124
1.04529183887361,0.405525812604705,287.518682329239,1992.41666457
2.09058367774722,2.25351299049856,287.620834360598,1992.4999979
4.10289431732286,3.45375859336584,286.619931888201,1992.58333123
4.42143585874264,2.18563663497028,284.799001641133,1992.66666456
1.48223373550229,1.55011357146118,279.729824231771,1992.74999789
2.88668983180878,4.41688492830394,279.388692677508,1992.83333122
1.76064795988474,3.42087339003887,276.963284813683,1992.91666455
3.95972401332548,6.7176680412495,278.154433729804,1992.99999788
0.356687262554025,3.58175875625824,279.420556613895,1993.08333121
1.39157572293648,3.02694237561243,279.380258106111,1993.16666454
3.52080052079372,1.27895570194457,281.067172385433,1993.24999787
3.25031268002358,1.41160483912383,282.652871807995,1993.3333312
1.95682595428946,0.767729187143376,286.146658715391,1993.41666453
1.97416491844139,3.73548014297501,286.783937443135,1993.49999786
1.91124924851867,2.54334728227356,286.47185830146,1993.58333119
2.23920337047806,1.42216274921278,284.484110975659,1993.66666452
2.85151650452915,0.846392756994617,280.696988418582,1993.74999785
1.5486171982554,1.61016205224419,277.614621160421,1993.83333118
4.1445078312875,3.52817316061373,276.997023099269,1993.91666451
3.11655495656582,3.96711201049236,277.380327510515,1993.99999784
3.06206106923118,2.72341131009951,275.988623230075,1994.08333117
3.06206106923118,6.34051417404066,279.152524678403,1994.1666645
2.20848863398036,2.44486838037315,280.200285880781,1994.24999783
0.734181282090372,1.80728127623664,282.219897142969,1994.33333116
2.12080301526916,4.33865984197123,286.243187699152,1994.41666449
1.48966472013884,1.29926899546446,288.573940928415,1994.49999782
2.37841048266929,1.46074370696068,287.155058584585,1994.58333115
1.53375522898232,1.39779993527002,284.842111672715,1994.66666448
2.23177238584152,1.60757369008498,282.480431681665,1994.74999781
2.79999501104912,2.74444796235944,282.496363649858,1994.83333114
3.48067320375639,4.58162807245166,278.742042203768,1994.91666447
3.44649067442829,3.86864331716958,277.047630527649,1994.9999978
3.38357500450557,4.92036703856185,278.250025538965,1995.08333113
1.58131353065619,4.2704442072608,277.713961667981,1995.16666446
1.51443466892731,1.89546050660736,280.972517750871,1995.24999779
2.04451157300066,1.37069076298209,283.355752757713,1995.33333112
0.728731893356909,1.00904334792151,286.426873920678,1995.41666445
1.41535487377341,1.51854470694086,289.102507402602,1995.49999778
0.465179638247545,0.913235821866244,289.796953780923,1995.58333111
3.22356113533203,1.73761996566146,285.596537225412,1995.66666444
3.89878993930583,4.38734260330742,285.385672940497,1995.74999777
2.16489352411264,0.602917144649795,280.786020005546,1995.8333311
1.39058492498494,1.34488698906874,275.491920692274,1995.91666443
2.45668352084087,3.8793036717764,278.503062680864,1995.99999776
2.51216820612705,1.52578895063247,276.253843641768,1996.08333109
1.44210641846496,1.89061486620053,277.326908558337,1996.16666442
2.46411450547741,2.00870705854214,281.037182798245,1996.24999775
2.20303924524689,0.388166196802729,281.526387939248,1996.33333108
1.1136568975298,2.75537383714642,286.622743411999,1996.41666441
2.43191357205239,2.42671840060743,287.819515375718,1996.49999774
1.54316780952194,0.764976073395763,288.547700039626,1996.58333107
1.02795287472168,0.743684383348403,286.081993668017,1996.6666644
3.54755206548527,3.56950256452763,284.123298754804,1996.74999773
2.52158078666667,2.66777093803974,278.234093570772,1996.83333106
2.25852393053307,0.475751208049358,276.723368116179,1996.91666439
0.843169056759659,1.35622906254108,276.939855448692,1996.99999772
4.678547927167,6.0765624127233,279.093482678626,1997.08333105
1.84635198269286,4.49906013138804,280.854433751318,1997.16666438
1.0031829259332,2.07471299756194,281.862833620513,1997.24999771
2.71230939233792,0.496055999724217,283.123333457006,1997.33333104
3.30183417350361,1.63693038252968,285.619029415803,1997.41666437
2.19362666470727,1.48545924866867,288.540202642829,1997.4999977
1.72448383465357,1.09572882213993,289.712608066957,1997.58333103
1.73389641519319,2.93215129546602,285.659327923587,1997.66666436
1.47827054369614,1.89291878499024,282.821563235928,1997.74999769
2.7677940776241,2.0240942223256,281.791608350942,1997.83333102
3.59709196306222,1.77201594017182,278.951969314083,1997.91666435
3.11259176475966,2.64747419358412,278.144124809208,1997.99999768
2.16687512001572,6.41998657001108,281.416738511092,1998.08333101
2.02370481601834,2.99602732757061,280.259327880558,1998.16666434
3.59164257432875,1.50276517185706,279.70639486678,1998.24999767
1.7888857015036,0.736942962637837,284.162660087988,1998.333331
2.85349810043222,0.766152377740051,285.630275510998,1998.41666433
3.40289556456058,3.01514797467444,287.245964520749,1998.49999766
2.10940883882646,2.9449000183238,287.557106487824,1998.58333099
2.27189970287885,0.290374201848109,286.454051984067,1998.66666432
3.77295859946038,2.75415759902363,281.952802382077,1998.74999765
3.31867773867977,2.52719050560511,279.235933217769,1998.83333098
1.92809281369483,4.04522925628006,278.896676012705,1998.91666431
3.15965466745776,4.39293783605747,277.758946048763,1998.99999764
1.52186565356385,5.134946658725,277.832982842133,1999.08333097
1.92462502086444,2.85413050448069,279.801049501342,1999.1666643
2.33481537280157,0.908171267838782,281.549817304239,1999.24999763
2.31747640864964,0.693505341630393,283.963041898269,1999.33333096
2.78067445099411,1.9432691782011,285.785846494536,1999.41666429
1.71655745104126,1.93269554298484,288.56082048402,1999.49999762
1.50105889658153,0.58649026031135,287.261896488942,1999.58333095
2.92582635089457,2.0436776653185,287.580535852814,1999.66666428
1.32568765915914,2.01910450757512,283.426040852685,1999.74999761
2.90501959391225,3.90675683040534,280.331490324729,1999.83333094
3.61641252311723,4.07291270402915,276.769289671561,1999.91666427
2.10841804087492,4.72766789014225,278.26408315796,1999.9999976
2.74203333088409,5.82436296697873,278.715801314978,2000.08333093
1.32866005301375,3.39055103630742,280.269636801153,2000.16666426
3.93495406453701,1.20751091767172,280.044714897244,2000.24999759
2.3214396004558,0.259554789313095,283.413857582889,2000.33333092
1.64026600877276,1.38306624276765,285.720244272562,2000.41666425
1.41535487377341,0.414194229017793,287.106325505405,2000.49999758
2.69695202408907,1.63600718427296,288.151275183985,2000.58333091
4.0226396832482,1.10866342267417,286.352837127308,2000.66666424
3.11655495656582,3.18738644627074,282.667866601589,2000.74999757
3.19879118654355,1.64531730365533,279.254676709761,2000.8333309
2.93325733553111,1.92321786718766,278.180674618593,2000.91666423
1.1136568975298,1.36412345226107,276.29789084795,2000.99999756
3.23495531177473,1.37023093857759,276.754294877967,2001.08333089
2.05788734534643,1.07831320388815,276.941729797891,2001.16666422
2.33481537280157,1.03688537240702,279.9041387073,2001.24999755
0.877351586087753,0.843171514596181,284.636870435398,2001.33333088
1.90728605671251,1.64673188978441,285.530935003438,2001.41666421
3.37019923215979,1.07308194538791,287.884180423092,2001.49999754
2.4626283085501,2.38725605889517,287.897300867487,2001.58333087
2.12080301526916,1.37472445737891,285.306950274128,2001.6666642
3.42766551334905,3.49186143120701,285.596537225412,2001.74999753
1.55852517777079,4.04263003468479,280.879737465508,2001.83333086
1.54663560235233,2.16724965738099,276.907991512305,2001.91666419
2.83615913628029,4.2918276691992,279.100980075423,2001.99999752
3.72292330290767,4.78690692632268,278.802021378143,2002.08333085
1.89985507207597,2.65115722246714,279.667033533596,2002.16666418
1.61747765588736,1.37533801682975,281.393309146102,2002.24999751
2.26001012746038,1.39988939175765,283.807470914731,2002.33333084
2.96793526383497,2.76994540497645,286.24693639755,2002.41666417
3.1185365524689,1.72162322051876,287.191608393971,2002.4999975
2.50424182251474,0.676557715047898,288.621736832996,2002.58333083
1.02250348598821,0.472671143862344,286.106360207607,2002.66666416
5.65349311148134,0.131483169955471,281.331455622527,2002.74999749
3.17748903058547,1.84360885525444,280.673559053591,2002.83333082
2.11535362653569,1.73126505939902,278.290324046749,2002.91666415
2.35760372568697,3.09530276190192,277.49185128787,2002.99999748
0.551379060031432,1.77950679119357,277.158217130404,2003.08333081
0.888745762530452,2.54028156562135,280.125311912812,2003.16666414
1.69575069405894,0.434559857706194,282.09525292122,2003.24999747
3.19284639883432,2.85319157685126,283.939612533278,2003.3333308
2.04847476480681,2.22410317224616,287.594593471809,2003.41666413
1.86170935094172,1.57713296145497,289.335863877909,2003.49999746
0.816417512068107,1.05713399046065,288.73513495955,2003.58333079
1.72052064284741,2.90598330301498,286.391261285892,2003.66666412
0.661853031628029,1.34000879557817,281.370816955711,2003.74999745
1.54316780952194,3.07862666969857,281.135586131205,2003.83333078
2.58647805249247,2.73795901012978,277.898585064107,2003.91666411
3.00211779316307,3.44362708524524,278.291261221349,2003.99999744
1.12703266987557,2.84897461300617,277.923888778297,2004.08333077
1.95137656555599,2.23448101154874,279.126283789613,2004.1666641
2.37642888676621,1.66610403844987,281.92093844569,2004.24999743
1.31776127554682,1.22403872776685,284.511289039048,2004.33333076
3.88541416696006,2.61479010367274,286.762382427343,2004.41666409
2.10197785418992,1.95802443740642,287.511184932442,2004.49999742
5.89574321063262,0.513029952808116,288.58518702361,2004.58333075
1.77749152506091,3.52757064598386,286.263805540344,2004.66666408
4.65377797837853,1.03867937120476,282.505735395855,2004.74999741
1.43814322665881,3.43116612936624,280.667936005993,2004.83333074
1.59667089890504,4.80074655394952,279.066304615237,2004.91666407
2.8440855198926,5.44541206229268,279.021320234455,2004.9999974
1.92066182905829,1.93329830576398,277.51809217666,2005.08333073
2.00636585186641,1.17969542466932,279.960369183278,2005.16666406
2.29666965166732,0.897499595952003,280.960334481076,2005.24999739
2.57508387604977,1.40784530726653,283.133642377602,2005.33333072
2.48343506553242,1.44731667332552,287.251587568347,2005.41666405
1.4723257559869,1.13621606805022,288.379945786293,2005.49999738
1.4951141088723,3.13643877081509,288.118474072998,2005.58333071
1.65562337702161,3.32600330599417,286.756759379746,2005.66666404
3.74224386296268,2.12908021189181,284.585325832419,2005.74999737
2.19511286163458,3.291028204301,279.242493439966,2005.8333307
1.220663076296,2.04914634672611,278.036349730251,2005.91666403
1.09879492825671,2.51826251461323,277.788935635951,2005.99999736
1.44953740310151,1.24979773380517,277.609935287423,2006.08333069
3.81110432059464,0.761167026311813,277.166651701801,2006.16666402
1.08740075181401,3.51284229333333,280.560160927037,2006.24999735
3.03481412556385,0.682975202666065,283.372621900506,2006.33333068
1.70318167869548,2.07746014110928,287.597404995608,2006.41666401
1.18846214287099,1.87288784592424,290.590740666804,2006.49999734
2.35165893797774,2.01347605806231,288.172830199776,2006.58333067
2.40318043145776,2.13083753949218,287.863562581901,2006.666664
2.91443217445187,1.84540218535393,284.598446276813,2006.74999733
3.30332037043091,4.94401864373829,280.840376132324,2006.83333066
3.76503221584807,4.93416575513535,278.731733283172,2006.91666399
3.0729598466981,5.71755010317334,279.386818328308,2006.99999732
2.58251486068631,1.6691141805309,278.617397982018,2007.08333065
2.13814197942109,2.5686118776082,279.70733204138,2007.16666398
0.516701131727568,1.6863059521069,283.233920059762,2007.24999731
2.79405022333989,1.93578641204268,283.251726377155,2007.33333064
2.91641377035495,1.8718319561234,286.027637541239,2007.41666397
2.95059629968304,2.11659833058076,287.381854837694,2007.4999973
2.96397207202882,2.45804755422574,287.360299821903,2007.58333063
1.17310477462214,3.37259363287725,285.713684050365,2007.66666396
1.14040844222135,2.94120613693174,283.703444534173,2007.74999729
2.78265604689719,3.06215341608278,280.634197720407,2007.83333062
2.44727094030125,3.18342948876897,277.584631573233,2007.91666395
5.27203590013884,3.83406130211256,278.344680173527,2007.99999728
1.83099461444401,4.34549971001992,278.629581251813,2008.08333061
1.98159590307793,3.32307390006006,278.272517729356,2008.16666394
3.07345524567387,0.261270953301706,280.10375689702,2008.24999727
1.3197428714499,2.59183091203224,284.461618785268,2008.3333306
3.14132490535429,2.43267037787827,286.215072461163,2008.41666393
2.40516202736084,0.558601826631888,288.376197087894,2008.49999726
4.74146359708972,1.43585419924351,288.054746200224,2008.58333059
2.68555784764637,0.981243716982626,285.713684050365,2008.66666392
2.61867898591749,4.30075173214606,281.87126819191,2008.74999725
1.26079039333333,3.2421943929532,279.174079694194,2008.83333058
2.27189970287885,2.8159788531997,276.830206020536,2008.91666391
2.30905462606156,3.47312274444044,277.04575617845,2008.99999724
1.38166774342109,2.38302589017737,277.580882874834,2009.08333057
1.54514940542502,4.38110770102654,279.709206390579,2009.1666639
1.64621079648199,1.42485117999541,282.226457365167,2009.24999723
2.08860208184414,2.30620364765194,284.03332999324,2009.33333056
1.76807894452129,0.854942299867466,286.380015190697,2009.41666389
4.0568222125763,1.66059481963911,288.517710452438,2009.49999722
3.69270396538573,3.86384396553186,288.477411944654,2009.58333055
2.13814197942109,3.81910245007146,286.265679889543,2009.66666388
2.11139043472954,1.97409641458743,283.733434121361,2009.74999721
4.79149889364244,3.05782230386522,280.186228261787,2009.83333054
2.19511286163458,0.584015618969704,275.111427804827,2009.91666387
1.71655745104126,0.264655661595116,275.134857169818,2009.9999972
2.96991685973805,1.06585155408315,275.118925201624,2010.08333053
2.99468680852653,2.1392894976449,278.506811379262,2010.16666386
1.31429348271644,2.10990282332608,281.459848542675,2010.24999719
1.55456198596464,0.499336717522857,283.186124155181,2010.33333052
1.04727343477669,0.385300591033288,287.728609439555,2010.41666385
3.70806133363458,2.78456136793522,288.135343215791,2010.49999718
2.42448258741585,1.90026093774268,287.200042965367,2010.58333051
3.01549356550884,1.01453554013374,285.969532716062,2010.66666384
2.17430610465226,1.95953887905851,282.696919014178,2010.74999717
2.87628645331762,0.495099456952787,277.728956461575,2010.8333305
1.28754193802488,1.81025069685432,271.651379183018,2010.91666383
2.24861595101768,3.03172341474818,276.405665926907,2010.99999716
3.95972401332548,2.73525232234849,278.48713071267,2011.08333049
2.24960674896922,2.51442747819056,279.236870392369,2011.16666382
0.718823913841518,2.11145482648659,283.548810725235,2011.24999715
3.38159340860249,3.5365460815699,283.975225168064,2011.33333048
2.44330774849509,1.3156360514891,285.633087034797,2011.41666381
3.172039641852,0.319704282992081,287.474635123057,2011.49999714
4.98222749931369,1.59206778252379,286.935759728274,2011.58333047
2.64543053060904,4.0804030016426,286.631177983396,2011.6666638
2.9659536679319,3.91763687397842,284.366964150706,2011.74999713
2.65682470705174,3.03460142883927,282.324860698127,2011.83333046
2.71775878107139,5.69337290542655,278.049470174646,2011.91666379
1.8651771437721,4.32169064577063,277.720521890178,2011.99999712
1.03587925833399,4.35465021746515,278.800147028944,2012.08333045
0.495894374745252,3.21880099062228,281.409241114295,2012.16666378
3.7338220803746,1.57204697211206,279.379320931511,2012.24999711
2.48888445426588,0.876025297917373,282.535724983042,2012.33333044
4.57401874327964,1.19092546839737,284.902090847091,2012.41666377
4.41945426283956,0.765992695530879,286.806429633526,2012.4999971
3.39298758504519,1.3328160147841,288.036002708231,2012.58333043
2.57508387604977,3.54200763158131,285.006117227649,2012.66666376
3.61244933131107,1.15369496916486,280.593899212623,2012.74999709
2.37841048266929,3.08438272438823,279.080362234232,2012.83333042
4.23318424795023,1.76101432706425,277.090740559232,2012.91666375
2.5389197508186,2.60176125294117,277.389699256511,2012.99999708
1.40396069733072,1.08466700624919,276.541556243852,2013.08333041
2.22384600222921,3.28039871363277,275.596884247432,2013.16666374
1.6363028169666,2.12305378802523,279.611740232218,2013.24999707
2.58251486068631,1.87405803631529,283.21330221857,2013.3333304
1.15378421456713,1.61482790987396,286.285360556135,2013.41666373
2.31549481274656,1.47338093373672,289.948776066062,2013.49999706
1.59667089890504,3.04405540658706,288.428678865473,2013.58333039
1.45151899900458,1.90078947859762,285.583416781017,2013.66666372
3.36078665162017,1.51932833749237,284.343534785716,2013.74999705
0.911534115415847,3.93958541140747,278.602403188424,2013.83333038
4.52249724979961,5.94593045094188,279.845096707524,2013.91666371
3.51535113206025,3.07222122312187,278.370921062317,2013.99999704
3.44104128569483,4.18233567796105,278.626769728014,2014.08333037
2.36503471032351,2.85140677527159,279.995981818064,2014.1666637
1.95484435838638,0.611301501751893,282.163666666992,2014.24999703
2.07126311769221,0.448258932345018,284.309796500129,2014.33333036
2.27734909161231,0.127658210864725,287.619897185999,2014.41666369
2.12872939888147,1.61139455447844,289.169983973775,2014.49999702
3.55547844909758,2.13668829769318,286.747387633749,2014.58333035
0.53602169178258,0.972155301682629,286.989178680452,2014.66666368
3.94832983688278,3.14687160938283,284.041764564637,2014.74999701
2.50126942866012,1.54501321578261,281.12527721061,2014.83333034
2.18966347290112,5.09432227116328,277.707401445784,2014.91666367
3.62780669955993,5.50103200194308,277.385950558113,2014.999997
1.51641626483039,3.82776259631647,277.415002970701,2015.08333033
2.34224635743812,3.81700066574311,278.896676012705,2015.16666366
1.28357874621873,2.54405946971506,281.09997349642,2015.24999699
2.55180012418861,3.02162042614855,282.414829459691,2015.33333032
1.89787347617289,2.78410881223666,285.880501129098,2015.41666365
3.38357500450557,1.7122654300057,287.09320506101,2015.49999698
2.0177600283091,2.6559296836568,287.729546614154,2015.58333031
1.27614776158219,1.14315230897091,285.182306052378,2015.66666364
1.37720915263916,1.37532194929598,283.241417456559,2015.74999697
4.66517215482122,4.4407534796815,280.823506989531,2015.8333303
5.82291956119451,4.81473153974707,280.568595498433,2015.91666363
5.15759873673609,2.17521946884826,277.799244556547,2015.99999696
2.59390903712901,3.40395261125037,276.847075163329,2016.08333029
1.61747765588736,1.84629931570794,278.95946671088,2016.16666362
3.07444604362541,1.02549601725278,279.552698232442,2016.24999695
1.26822137796988,0.476186156313785,283.904937073092,2016.33333028
2.28329387932155,0.255450454398989,286.07355909662,2016.41666361
2.73509774522332,3.70859171207406,287.982583756053,2016.49999694
1.88251610792404,2.41212624840909,288.053809025624,2016.58333027
1.50848988121808,3.53679393613773,287.632080455794,2016.6666636
1.32965085096529,0.902589565404505,283.03898774304,2016.74999693
1.35243920385069,2.29952192265238,277.712087318782,2016.83333026
1.71853904694434,4.40997021632268,280.186228261787,2016.91666359
1.46687636725344,3.06647830630587,278.098203253826,2016.99999692
3.38060261065095,1.74499778409495,278.823576393935,2017.08333025
2.28329387932155,2.65515898165338,280.260265055157,2017.16666358
0.450317668974458,3.26379341713581,281.492649653662,2017.24999691
1.21521368756254,0.621810850930962,285.220730210963,2017.33333024
4.78357251003013,2.49256665316514,287.184110997174,2017.41666357
2.71775878107139,1.7375411850723,287.49150426585,2017.4999969
2.86885546868108,3.02980219730506,287.529928424435,2017.58333023
2.63601795006942,1.91894780213805,285.738050589955,2017.66666356
2.04649316890373,4.10105169078317,284.561896467428,2017.74999689
1.81365565029208,3.7878754292692,278.842319885927,2017.83333022
1.85576456323248,4.10238507723387,277.397196653308,2017.91666355
2.66821888349444,3.17900492805936,277.149782559008,2017.99999688
1.73934580392665,1.85535448524339,276.111393102625,2018.08333021
3.18888320702816,1.88821960530749,277.042007480051,2018.16666354
2.33085218099542,0.77313896957639,281.057800639437,2018.24999687
0.71733771691421,0.934770590583141,285.02860941804,2018.3333302
1.44755580719843,0.913620322927963,287.140063790991,2018.41666353
1.72052064284741,1.57329901063227,289.90379168528,2018.49999686
2.05243795661297,3.10753615036498,287.873871502496,2018.58333019
2.25257914282384,4.59830107205189,285.246033925153,2018.66666352
1.8359486042017,3.48579951243065,282.829060632725,2018.74999685
3.36821763625672,2.55209252120112,281.24804708316,2018.83333018
1.97020172663523,2.89341910379948,278.871372298516,2018.91666351
0.673247208070726,3.395980645641,277.183520844594,2018.99999684
1.32370606325606,4.02303178476255,280.037217500447,2019.08333017
3.47126062321677,4.59368521447511,279.994107468864,2019.1666635
1.42476745431303,2.45739662984537,281.42142438409,2019.24999683
2.54635073545514,0.606050147328819,283.177689583784,2019.33333016
3.11457336066274,0.895258118898579,286.283486206936,2019.41666349
2.7677940776241,1.7557619736731,289.535482067628,2019.49999682
3.83587426938311,2.55596262633102,288.614239436199,2019.58333015
3.02292455014539,2.4863725035502,285.988276208054,2019.66666348
2.78067445099411,1.64654652942306,281.82159793813,2019.74999681
3.15668227360315,1.64237724176814,278.197543761386,2019.83333014
2.0940514705776,4.1475754197034,278.837634012929,2019.91666347
2.13616038351801,5.84987979274289,279.667970708195,2019.9999968
5.19376286196726,5.59187179477855,277.976370555875,2020.08333013
2.00834744776948,3.07655417889219,278.963215409279,2020.16666346
0.461711845417156,0.481438147558568,281.614482351613,2020.24999679
1.18053575925868,1.81369164195202,284.714655927166,2020.33333012
2.63998114187557,0.367097492609133,286.500910714048,2020.41666345
2.97536624847152,3.21829676048654,287.09507941021,2020.49999678
3.58569778661952,0.451098833325596,287.592719122609,2020.58333011
1.70318167869548,2.73143219506717,285.483139098858,2020.66666344
4.41350947513033,1.61232662880126,282.612573300212,2020.74999677
2.18966347290112,3.72665963373783,281.265853400553,2020.8333301
4.04344644023052,2.03737095239506,278.035412555652,2020.91666343
3.34939247517748,1.51420537941661,275.286679454957,2020.99999676
3.98994335084742,2.63784360078535,277.547144589248,2021.08333009
1.71011726435625,3.53193981977735,280.047526421043,2021.16666342
0.732199686187294,0.858617062482446,279.111288996019,2021.24999675
3.71152912646497,0.23164257154803,282.21895996837,2021.33333008
1.0031829259332,1.47483976714063,287.431525091474,2021.41666341
2.09801466238376,0.20193071180403,289.488623337647,2021.49999674
2.11139043472954,0.701369487126405,288.104416454004,2021.58333007
2.14408676713032,2.05733551161028,287.635829154192,2021.6666634
4.14252623538442,3.49705322767939,284.195461198975,2021.74999673
1.46687636725344,4.06149503217983,280.935967941486,2021.83333006
2.48739825733857,1.76187680432191,278.101951952225,2021.91666339
NA,5.08864118868611,279.135655535609,2021.99999672
NA,5.8869477944662,278.979147377472,2022.08333005
NA,1.41990584498473,279.898515659703,2022.16666338
NA,0.133788707671048,281.324895400329,2022.24999671
NA,2.85971319431621,285.023923545042,2022.33333004
NA,2.11792050268982,287.100702457807,2022.41666337
NA,2.94153190671248,289.567346004016,2022.4999967
NA,1.8601593018113,288.778244991133,2022.58333003
NA,0.695361409468736,286.564638586823,2022.66666336
NA,3.51099175228663,284.741833990556,2022.74999669
NA,2.9019936733911,281.716634382972,2022.83333002
NA,1.96484401913792,276.341000879533,2022.91666335
